time,lat,lon,elevation,accuracy,bearing,speed,satellites,provider,hdop,vdop,pdop,geoidheight,ageofdgpsdata,dgpsid
2016-12-05T12:56:58Z,50.370428,3.465546,,35.316,,,0,network,,,,,,
2016-12-05T12:57:01Z,50.370320,3.466316,85.60524329549364,24.0,41.119114,0.44427824,0,gps,2.4,2.1,3.0,47.3,,
2016-12-05T12:57:03Z,50.370356,3.466187,91.42734892348305,8.0,,0.0,9,gps,1.7,1.9,2.6,47.3,,
2016-12-05T12:57:05Z,50.370355,3.466218,92.71082058513501,6.0,,0.0,11,gps,1.1,1.7,2.1,47.3,,
2016-12-05T12:57:07Z,50.370338,3.466270,92.9313296330205,6.0,,2.1321006,13,gps,1.0,1.4,1.7,47.3,,
2016-12-05T12:57:09Z,50.370274,3.466341,93.77190646701791,4.0,158.46046,4.3860188,14,gps,0.9,1.4,1.7,47.3,,
2016-12-05T12:57:11Z,50.370164,3.466409,91.87804062630622,4.0,168.92706,6.2650533,15,gps,0.9,1.4,1.6,47.3,,
2016-12-05T12:57:13Z,50.370033,3.466459,91.22529818080056,4.0,168.49728,7.2186933,14,gps,0.8,1.4,1.6,47.3,,
2016-12-05T12:57:15Z,50.369921,3.466518,92.64610296071764,8.0,179.3896,6.7668657,17,gps,0.8,1.3,1.5,47.3,,
2016-12-05T12:57:17Z,50.369856,3.466528,94.05543629155613,4.0,178.51816,3.595188,16,gps,0.8,1.2,1.5,47.3,,
2016-12-05T12:57:19Z,50.369829,3.466532,93.54368707398484,4.0,229.10907,2.4475322,16,gps,1.0,1.2,1.6,47.3,,
2016-12-05T12:57:21Z,50.369816,3.466453,93.49432107870086,4.0,254.94238,4.729542,17,gps,0.4,1.2,1.6,47.3,,
2016-12-05T12:57:23Z,50.369797,3.466287,92.46997922856232,4.0,270.75912,5.966907,17,gps,0.4,1.3,1.6,47.3,,
2016-12-05T12:57:25Z,50.369795,3.466072,92.22811722944657,6.0,264.22495,7.8562965,17,gps,0.9,1.3,1.6,47.3,,
2016-12-05T12:57:27Z,50.369781,3.465815,91.68609908288667,4.0,264.3001,8.135334,18,gps,0.9,1.2,1.6,47.3,,
2016-12-05T12:57:29Z,50.369762,3.465600,89.85325562490101,6.0,260.54422,8.25982,18,gps,0.8,1.2,1.5,47.3,,
2016-12-05T12:57:31Z,50.369729,3.465334,89.35541982174085,6.0,264.90668,9.793417,19,gps,0.8,1.2,1.4,47.3,,
2016-12-05T12:57:33Z,50.369701,3.465030,89.33484242051017,6.0,264.29413,10.652432,19,gps,0.6,1.2,1.5,47.3,,
2016-12-05T12:57:35Z,50.369689,3.464709,89.01908261805364,6.0,263.28333,10.869177,19,gps,0.9,1.2,1.5,47.3,,
2016-12-05T12:57:37Z,50.369680,3.464377,88.49013527924575,4.0,263.158,11.418443,19,gps,0.8,1.2,1.4,47.3,,
2016-12-05T12:57:39Z,50.369650,3.464033,87.59814282658351,4.0,261.98563,11.898025,19,gps,0.4,1.2,1.4,47.3,,
2016-12-05T12:57:41Z,50.369615,3.463703,86.7586216426555,6.0,266.2265,12.0809555,18,gps,0.8,1.2,1.5,47.3,,
2016-12-05T12:57:43Z,50.369581,3.463354,86.00673760168102,4.0,269.21786,12.60113,19,gps,1.0,1.4,1.8,47.3,,
2016-12-05T12:57:45Z,50.369563,3.462986,85.40361796640433,4.0,268.91995,13.27986,19,gps,0.8,1.2,1.4,47.3,,
2016-12-05T12:57:47Z,50.369546,3.462606,84.79863524993468,4.0,268.58136,13.498588,19,gps,0.9,1.3,1.6,47.3,,
2016-12-05T12:57:49Z,50.369498,3.462246,84.6010998731912,4.0,245.93993,13.439614,19,gps,0.4,1.3,1.6,47.3,,
2016-12-05T12:57:51Z,50.369380,3.461888,84.31174550544775,4.0,241.19513,13.984068,19,gps,0.9,1.4,1.7,47.3,,
2016-12-05T12:57:53Z,50.369260,3.461569,84.35971910546658,6.0,241.03633,12.982517,19,gps,1.0,1.3,1.7,47.3,,
2016-12-05T12:57:55Z,50.369143,3.461272,84.25720116992706,6.0,247.62752,12.306753,18,gps,0.8,1.2,1.5,47.3,,
2016-12-05T12:57:57Z,50.369104,3.460951,84.0826330423815,4.0,276.6324,11.842498,18,gps,0.8,1.4,1.6,47.3,,
2016-12-05T12:57:59Z,50.369153,3.460628,83.81409773655724,4.0,296.52872,11.917418,19,gps,0.9,1.2,1.5,47.3,,
2016-12-05T12:58:01Z,50.369260,3.460310,83.84254067218828,6.0,297.72076,12.738318,19,gps,1.0,1.2,1.6,47.3,,
2016-12-05T12:58:03Z,50.369382,3.459996,83.46798132734175,4.0,297.98215,12.616262,19,gps,0.8,1.1,1.4,47.3,,
2016-12-05T12:58:05Z,50.369490,3.459703,83.46252077887695,4.0,293.92316,11.906542,19,gps,0.4,1.2,1.4,47.3,,
2016-12-05T12:58:07Z,50.369580,3.459388,83.45614509580246,4.0,283.47134,12.144823,19,gps,0.8,1.1,1.4,47.3,,
2016-12-05T12:58:09Z,50.369633,3.459032,83.30269924181351,4.0,280.567,12.7119055,19,gps,0.8,1.1,1.4,47.3,,
2016-12-05T12:58:11Z,50.369686,3.458681,82.98908587332362,4.0,282.74374,12.336494,19,gps,0.4,1.2,1.5,47.3,,
2016-12-05T12:58:13Z,50.369726,3.458414,82.73368690965039,4.0,281.5981,9.340861,19,gps,0.4,1.2,1.4,47.3,,
2016-12-05T12:58:15Z,50.369750,3.458286,82.63844793920009,4.0,276.807,4.424747,18,gps,0.9,1.2,1.5,47.3,,
2016-12-05T12:58:17Z,50.369750,3.458286,82.63619762253249,4.0,276.807,0.0,18,gps,0.9,1.2,1.5,47.3,,
2016-12-05T12:58:19Z,50.369750,3.458286,82.63297702003089,6.0,276.807,0.0,18,gps,0.6,1.5,1.8,47.3,,
2016-12-05T12:58:21Z,50.369750,3.458286,82.62760439432441,4.0,276.807,0.0,18,gps,1.0,1.5,1.8,47.3,,
2016-12-05T12:58:23Z,50.369772,3.458254,82.5493254492922,4.0,306.98676,1.1961424,18,gps,0.9,1.2,1.5,47.3,,
2016-12-05T12:58:25Z,50.369820,3.458209,82.46370393737031,4.0,4.544324,3.3159528,18,gps,0.9,1.2,1.5,47.3,,
2016-12-05T12:58:27Z,50.369920,3.458278,81.79086035830477,4.0,30.189863,6.4131474,18,gps,0.4,1.1,1.4,47.3,,
2016-12-05T12:58:29Z,50.370075,3.458443,81.37772092351202,4.0,32.60948,9.49189,18,gps,0.9,1.2,1.5,47.3,,
2016-12-05T12:58:31Z,50.370240,3.458612,80.8773655012172,4.0,32.013496,9.597202,18,gps,1.0,1.5,1.8,47.3,,
2016-12-05T12:58:33Z,50.370371,3.458735,80.42435172979904,4.0,28.933262,8.086577,18,gps,0.4,1.2,1.5,47.3,,
2016-12-05T12:58:35Z,50.370483,3.458817,80.05783112899965,4.0,27.161703,6.8801723,18,gps,0.9,1.3,1.6,47.3,,
2016-12-05T12:58:37Z,50.370588,3.458892,79.9456799869817,4.0,23.141516,7.903698,18,gps,0.9,1.3,1.6,47.3,,
2016-12-05T12:58:39Z,50.370737,3.458984,79.95869461853019,4.0,22.899252,9.63117,18,gps,0.8,1.2,1.5,47.3,,
2016-12-05T12:58:41Z,50.370919,3.459111,80.1189010716929,4.0,22.985802,11.071124,18,gps,0.8,1.2,1.5,47.3,,
2016-12-05T12:58:43Z,50.371119,3.459250,80.31074391798039,4.0,22.235556,11.745301,18,gps,0.4,1.2,1.4,47.3,,
2016-12-05T12:58:45Z,50.371323,3.459383,80.42408528891724,4.0,22.242704,11.803915,18,gps,0.4,1.3,1.5,47.3,,
2016-12-05T12:58:47Z,50.371480,3.459490,80.4903907912845,4.0,22.21835,9.173527,18,gps,0.9,1.2,1.5,47.3,,
2016-12-05T12:58:49Z,50.371575,3.459555,80.50499183651439,4.0,23.61228,5.758158,18,gps,0.8,1.2,1.4,47.3,,
2016-12-05T12:58:51Z,50.371626,3.459596,80.51520795755185,4.0,19.283916,4.350439,17,gps,0.4,1.2,1.4,47.3,,
2016-12-05T12:58:53Z,50.371706,3.459651,80.66567583365853,4.0,23.864857,5.4593625,18,gps,0.8,1.3,1.5,47.3,,
2016-12-05T12:58:55Z,50.371800,3.459715,80.78756178498733,4.0,26.400772,5.5307946,18,gps,0.4,1.3,1.5,47.3,,
2016-12-05T12:58:57Z,50.371894,3.459775,80.93375594610288,4.0,26.233767,6.538573,18,gps,0.4,1.3,1.6,47.3,,
2016-12-05T12:58:59Z,50.372052,3.459892,80.95352430706669,4.0,30.671463,10.086252,18,gps,0.4,1.2,1.6,47.3,,
2016-12-05T12:59:01Z,50.372246,3.460085,80.94681420544208,4.0,36.549488,11.591219,18,gps,0.4,1.2,1.5,47.3,,
2016-12-05T12:59:03Z,50.372434,3.460314,80.98349805764664,4.0,41.795338,12.567095,18,gps,0.8,1.3,1.5,47.3,,
2016-12-05T12:59:05Z,50.372611,3.460563,80.96061561703863,4.0,47.436386,12.565532,18,gps,0.8,1.3,1.5,47.3,,
2016-12-05T12:59:07Z,50.372769,3.460819,80.78859192178068,4.0,49.2075,12.346073,18,gps,0.4,1.2,1.4,47.3,,
2016-12-05T12:59:09Z,50.372911,3.461077,80.53807873868404,4.0,48.89264,11.919323,18,gps,0.4,1.1,1.4,47.3,,
2016-12-05T12:59:11Z,50.373041,3.461310,80.29284305221333,4.0,48.61841,10.885194,18,gps,0.8,1.3,1.5,47.3,,
2016-12-05T12:59:13Z,50.373157,3.461512,80.09391585241121,4.0,48.26888,9.919175,18,gps,0.9,1.5,1.7,47.3,,
2016-12-05T12:59:15Z,50.373269,3.461710,79.98915076030003,4.0,49.18176,9.529187,17,gps,0.4,1.3,1.5,47.3,,
2016-12-05T12:59:17Z,50.373380,3.461903,79.85836572468247,4.0,48.802593,9.121668,17,gps,0.4,1.1,1.4,47.3,,
2016-12-05T12:59:19Z,50.373476,3.462073,79.70240268708558,4.0,48.94778,8.043275,18,gps,0.8,1.2,1.4,47.3,,
2016-12-05T12:59:21Z,50.373567,3.462216,79.56958958754154,4.0,48.61064,7.3956795,18,gps,0.4,1.3,1.5,47.3,,
2016-12-05T12:59:23Z,50.373648,3.462371,79.38224396127833,4.0,52.551052,7.3639574,18,gps,0.4,1.2,1.5,47.3,,
2016-12-05T12:59:25Z,50.373741,3.462553,79.16785834761411,4.0,49.925526,8.28289,18,gps,0.8,1.1,1.4,47.3,,
2016-12-05T12:59:27Z,50.373837,3.462729,79.21200523047472,4.0,49.065014,7.956867,17,gps,0.8,1.2,1.5,47.3,,
2016-12-05T12:59:29Z,50.373927,3.462887,79.59745366627004,6.0,42.417027,7.606822,16,gps,0.6,1.3,1.6,47.3,,
2016-12-05T12:59:31Z,50.374013,3.463048,80.21681315331318,6.0,50.90516,7.5171986,15,gps,0.6,1.4,1.8,47.3,,
2016-12-05T12:59:33Z,50.374086,3.463224,80.61781221155681,4.0,48.883312,7.977917,15,gps,0.4,1.3,1.6,47.3,,
2016-12-05T12:59:35Z,50.374194,3.463420,80.79202081270576,6.0,46.050167,9.264003,18,gps,0.9,1.2,1.5,47.3,,
2016-12-05T12:59:37Z,50.374312,3.463629,80.67033573105284,4.0,48.202057,9.82033,18,gps,0.4,1.5,1.8,47.3,,
2016-12-05T12:59:39Z,50.374410,3.463832,80.34057225499558,4.0,48.158333,8.700688,18,gps,0.4,1.3,1.6,47.3,,
2016-12-05T12:59:41Z,50.374492,3.463971,80.28354912804711,4.0,50.104572,7.068927,18,gps,1.1,1.3,1.7,47.3,,
2016-12-05T12:59:43Z,50.374560,3.464101,80.25474308427542,4.0,49.75855,5.937693,18,gps,0.4,1.2,1.5,47.3,,
2016-12-05T12:59:45Z,50.374621,3.464216,80.25018936692172,4.0,49.610893,5.38563,18,gps,0.9,1.2,1.4,47.3,,
2016-12-05T12:59:47Z,50.374701,3.464355,80.29938102471556,4.0,48.862087,7.7252693,16,gps,0.4,1.3,1.6,47.3,,
2016-12-05T12:59:49Z,50.374815,3.464565,80.39228090389182,4.0,48.31688,9.456977,15,gps,0.4,1.3,1.5,47.3,,
2016-12-05T12:59:51Z,50.374945,3.464798,80.56573388362243,6.0,49.19477,10.347184,18,gps,0.8,1.3,1.5,47.3,,
2016-12-05T12:59:53Z,50.375056,3.465023,80.74126312760009,6.0,52.22901,9.37733,18,gps,0.9,1.4,1.6,47.3,,
2016-12-05T12:59:55Z,50.375129,3.465206,80.84194905719946,6.0,51.31364,7.9155006,18,gps,1.0,1.2,1.6,47.3,,
2016-12-05T12:59:57Z,50.375200,3.465351,80.88919413544639,6.0,50.72787,6.5541215,18,gps,1.4,1.4,2.0,47.3,,
2016-12-05T12:59:59Z,50.375264,3.465454,80.90103865406513,4.0,48.483505,5.5836096,18,gps,1.0,1.3,1.7,47.3,,
2016-12-05T13:00:01Z,50.375330,3.465578,80.96952795363433,4.0,52.762466,6.717387,18,gps,0.4,1.3,1.6,47.3,,
2016-12-05T13:00:03Z,50.375422,3.465762,80.83618693010305,4.0,53.852955,9.06828,18,gps,0.4,1.3,1.6,47.3,,
2016-12-05T13:00:05Z,50.375536,3.466006,80.57369810880195,6.0,51.579098,10.187308,18,gps,0.8,1.2,1.5,47.3,,
2016-12-05T13:00:07Z,50.375686,3.466306,80.17645002307559,6.0,54.70718,12.800865,18,gps,0.6,1.5,1.7,47.3,,
2016-12-05T13:00:09Z,50.375850,3.466647,80.00957901340679,4.0,52.805756,14.043923,18,gps,0.7,1.5,1.6,47.3,,
2016-12-05T13:00:11Z,50.376030,3.466971,79.75639395506647,4.0,45.414413,15.367088,18,gps,0.4,1.5,1.6,47.3,,
2016-12-05T13:00:13Z,50.376247,3.467298,79.51263260199056,4.0,45.095963,16.508736,18,gps,0.4,1.2,1.5,47.3,,
2016-12-05T13:00:15Z,50.376470,3.467634,79.31350240476402,4.0,47.485935,17.225159,18,gps,0.7,1.2,1.4,47.3,,
2016-12-05T13:00:17Z,50.376692,3.467990,79.19772715147593,4.0,52.102646,16.54142,17,gps,0.4,1.2,1.4,47.3,,
2016-12-05T13:00:19Z,50.376864,3.468378,79.27060552246417,4.0,70.108604,16.97983,18,gps,0.4,1.4,1.6,47.3,,
2016-12-05T13:00:21Z,50.376967,3.468870,79.44458034792862,4.0,77.20354,19.10174,19,gps,0.4,1.2,1.5,47.3,,
2016-12-05T13:00:23Z,50.377028,3.469422,79.59217675003961,4.0,80.38294,20.408,18,gps,0.4,1.2,1.4,47.3,,
2016-12-05T13:00:25Z,50.377073,3.470015,79.91997627938812,4.0,87.54707,21.454012,16,gps,0.9,1.4,1.6,47.3,,
2016-12-05T13:00:27Z,50.377078,3.470636,80.41459882475588,4.0,95.81945,22.422178,17,gps,0.4,1.2,1.4,47.3,,
2016-12-05T13:00:29Z,50.377000,3.471254,80.7365126339905,4.0,110.80773,22.208937,18,gps,0.4,1.1,1.4,47.3,,
2016-12-05T13:00:31Z,50.376808,3.471814,80.87536328457614,4.0,130.08914,22.770847,18,gps,0.4,1.2,1.4,47.3,,
2016-12-05T13:00:33Z,50.376501,3.472270,81.29833680413489,6.0,137.20493,23.723186,19,gps,0.8,1.3,1.5,47.3,,
2016-12-05T13:00:35Z,50.376154,3.472721,81.78785409419046,4.0,136.04506,25.388193,19,gps,1.0,1.5,1.8,47.3,,
2016-12-05T13:00:37Z,50.375813,3.473209,82.10835753042042,4.0,136.95778,25.546492,18,gps,0.4,1.3,1.5,47.3,,
2016-12-05T13:00:39Z,50.375469,3.473695,82.43562149591978,4.0,137.98682,25.802128,19,gps,0.9,1.3,1.5,47.3,,
2016-12-05T13:00:41Z,50.375117,3.474183,82.85603213352894,4.0,138.13623,26.145248,19,gps,1.0,1.1,1.5,47.3,,
2016-12-05T13:00:43Z,50.374765,3.474674,83.26109789443287,4.0,138.28073,26.194765,19,gps,1.0,1.1,1.5,47.3,,
2016-12-05T13:00:45Z,50.374411,3.475157,83.63294068825113,6.0,138.48692,26.207363,19,gps,1.0,1.1,1.5,47.3,,
2016-12-05T13:00:47Z,50.374064,3.475645,84.0466049866204,6.0,138.43442,25.702978,19,gps,0.6,1.4,1.8,47.3,,
2016-12-05T13:00:49Z,50.373717,3.476115,84.45110350151316,4.0,138.64328,25.57604,19,gps,0.9,1.1,1.4,47.3,,
2016-12-05T13:00:51Z,50.373371,3.476588,84.67685497121204,4.0,138.58102,25.49151,19,gps,0.4,1.1,1.4,47.3,,
2016-12-05T13:00:53Z,50.373026,3.477059,85.00349484834305,4.0,138.24013,25.855728,19,gps,0.7,1.1,1.3,47.3,,
2016-12-05T13:00:55Z,50.372678,3.477535,85.33643104485441,4.0,138.31166,25.759562,18,gps,0.4,1.1,1.4,47.3,,
2016-12-05T13:00:57Z,50.372333,3.478022,85.67580303360137,6.0,138.84848,25.971607,18,gps,0.6,1.1,1.5,47.3,,
2016-12-05T13:00:59Z,50.371989,3.478495,86.07893712551842,6.0,138.73293,25.393084,19,gps,1.1,1.3,1.7,47.3,,
2016-12-05T13:01:01Z,50.371640,3.478969,86.4654046584197,4.0,138.39621,26.036932,19,gps,0.4,1.1,1.5,47.3,,
2016-12-05T13:01:03Z,50.371286,3.479456,86.82858571406622,4.0,138.5017,26.51743,19,gps,0.4,1.1,1.4,47.3,,
2016-12-05T13:01:05Z,50.370927,3.479957,87.16678257895674,4.0,138.33664,26.986946,19,gps,0.4,1.1,1.4,47.3,,
2016-12-05T13:01:07Z,50.370558,3.480463,87.40446635150465,4.0,140.07948,27.412365,19,gps,0.8,1.1,1.4,47.3,,
2016-12-05T13:01:09Z,50.370180,3.480954,87.59811833865655,4.0,141.41429,27.287884,19,gps,0.4,1.1,1.4,47.3,,
2016-12-05T13:01:11Z,50.369791,3.481409,87.85184892036472,4.0,145.05904,26.656607,19,gps,0.4,1.1,1.3,47.3,,
2016-12-05T13:01:13Z,50.369395,3.481815,88.12189596635491,4.0,147.95639,25.80207,19,gps,0.7,1.1,1.3,47.3,,
2016-12-05T13:01:15Z,50.369003,3.482180,88.35544758658754,4.0,151.09608,24.914104,19,gps,0.4,1.1,1.4,47.3,,
2016-12-05T13:01:17Z,50.368608,3.482494,88.5271979590065,4.0,153.84421,23.971558,19,gps,0.9,1.0,1.4,47.3,,
2016-12-05T13:01:19Z,50.368221,3.482763,88.58405722067378,4.0,156.55208,23.277832,19,gps,0.4,1.0,1.4,47.3,,
2016-12-05T13:01:21Z,50.367835,3.483021,88.72715835123499,4.0,159.59183,23.35096,19,gps,0.9,1.1,1.4,47.3,,
2016-12-05T13:01:23Z,50.367439,3.483237,88.98059250999373,4.0,162.61412,23.362164,19,gps,0.8,1.1,1.3,47.3,,
2016-12-05T13:01:25Z,50.367034,3.483415,89.34358083314133,4.0,164.327,22.922916,19,gps,1.0,1.1,1.5,47.3,,
2016-12-05T13:01:27Z,50.366637,3.483578,89.68385567363235,4.0,165.4605,22.603325,19,gps,0.8,1.0,1.3,47.3,,
2016-12-05T13:01:29Z,50.366247,3.483734,90.06821130972591,4.0,167.41867,22.541971,19,gps,0.8,1.0,1.3,47.3,,
2016-12-05T13:01:31Z,50.365850,3.483857,90.4020680585431,4.0,168.65497,22.505384,18,gps,0.4,1.0,1.4,47.3,,
2016-12-05T13:01:33Z,50.365462,3.483984,90.73501662159272,4.0,166.63333,22.102499,18,gps,0.9,1.1,1.4,47.3,,
2016-12-05T13:01:35Z,50.365074,3.484137,91.07630979556176,4.0,167.30804,22.763542,18,gps,0.4,1.1,1.3,47.3,,
2016-12-05T13:01:37Z,50.364662,3.484290,91.41863422254646,4.0,167.52531,24.07508,18,gps,0.4,1.2,1.4,47.3,,
2016-12-05T13:01:39Z,50.364233,3.484432,91.81908496931163,4.0,168.26869,24.761715,18,gps,1.0,1.0,1.4,47.3,,
2016-12-05T13:01:41Z,50.363794,3.484591,92.19217285336697,4.0,168.97028,25.12,18,gps,0.8,1.1,1.4,47.3,,
2016-12-05T13:01:43Z,50.363357,3.484727,92.48438729546451,4.0,167.77167,23.730408,18,gps,0.9,1.2,1.5,47.3,,
2016-12-05T13:01:45Z,50.362930,3.484865,92.69077477066404,6.0,168.04875,24.331085,18,gps,1.0,1.3,1.7,47.3,,
2016-12-05T13:01:47Z,50.362497,3.485004,93.01657733217024,4.0,168.63264,24.613022,18,gps,0.4,1.3,1.7,47.3,,
2016-12-05T13:01:49Z,50.362065,3.485140,93.59149237371007,4.0,168.57088,24.04975,18,gps,1.0,1.3,1.7,47.3,,
2016-12-05T13:01:51Z,50.361653,3.485270,94.2005053709057,6.0,168.57854,22.945148,18,gps,1.0,1.3,1.7,47.3,,
2016-12-05T13:01:53Z,50.361262,3.485401,94.9176170206942,6.0,168.33461,22.08941,17,gps,0.6,1.4,1.7,47.3,,
2016-12-05T13:01:55Z,50.360878,3.485524,95.59989336841542,4.0,168.6387,22.02014,17,gps,0.4,1.5,1.8,47.3,,
2016-12-05T13:01:57Z,50.360487,3.485646,96.18462882687126,4.0,168.91408,22.615482,18,gps,0.4,1.4,1.7,47.3,,
2016-12-05T13:01:59Z,50.360081,3.485759,96.70460045009625,4.0,170.15219,23.355757,18,gps,0.4,1.4,1.7,47.3,,
2016-12-05T13:02:01Z,50.359659,3.485857,97.10931411761906,4.0,172.2375,24.002012,18,gps,0.9,1.3,1.6,47.3,,
2016-12-05T13:02:03Z,50.359229,3.485921,97.36177580718453,4.0,175.44183,24.252592,18,gps,0.4,1.2,1.5,47.3,,
2016-12-05T13:02:05Z,50.358794,3.485944,97.5228721127603,4.0,180.25272,24.175941,19,gps,0.4,1.0,1.3,47.3,,
2016-12-05T13:02:07Z,50.358360,3.485916,97.57900420575453,4.0,184.77199,24.187944,19,gps,0.8,1.0,1.3,47.3,,
2016-12-05T13:02:09Z,50.357925,3.485834,97.51678629674885,4.0,193.0844,24.489803,19,gps,0.4,1.1,1.4,47.3,,
2016-12-05T13:02:11Z,50.357496,3.485644,97.52266973217905,4.0,199.6149,24.99697,19,gps,0.9,1.3,1.6,47.3,,
2016-12-05T13:02:13Z,50.357077,3.485350,97.64558201980144,4.0,206.89555,25.461536,19,gps,0.4,1.1,1.4,47.3,,
2016-12-05T13:02:15Z,50.356687,3.484991,97.75268888962438,6.0,213.30742,24.998058,19,gps,1.0,1.2,1.6,47.3,,
2016-12-05T13:02:17Z,50.356324,3.484569,97.85069346097907,4.0,218.45161,25.091497,18,gps,0.4,1.2,1.6,47.3,,
2016-12-05T13:02:19Z,50.355969,3.484113,97.89725303466942,4.0,221.75516,25.4704,18,gps,0.4,1.1,1.4,47.3,,
2016-12-05T13:02:21Z,50.355631,3.483621,97.76021457255305,4.0,223.87846,25.345806,18,gps,0.4,1.2,1.5,47.3,,
2016-12-05T13:02:23Z,50.355300,3.483119,97.63584110904898,4.0,225.46042,25.389805,18,gps,0.9,1.2,1.5,47.3,,
2016-12-05T13:02:25Z,50.354976,3.482601,97.63761089108053,4.0,225.49472,25.378752,18,gps,0.4,1.3,1.5,47.3,,
2016-12-05T13:02:27Z,50.354649,3.482088,97.85618296522246,4.0,224.9002,25.138613,18,gps,0.4,1.4,1.6,47.3,,
2016-12-05T13:02:29Z,50.354319,3.481595,98.25037747115742,4.0,223.55663,24.949694,19,gps,0.4,1.4,1.7,47.3,,
2016-12-05T13:02:31Z,50.353989,3.481117,98.70670416531235,4.0,221.74536,24.82549,19,gps,0.4,1.3,1.6,47.3,,
2016-12-05T13:02:33Z,50.353667,3.480641,99.19443092589577,4.0,220.49402,24.3842,19,gps,0.4,1.2,1.5,47.3,,
2016-12-05T13:02:35Z,50.353333,3.480205,99.5959616389792,4.0,215.44923,24.45751,19,gps,0.4,1.1,1.4,47.3,,
2016-12-05T13:02:37Z,50.352969,3.479832,99.77052783887515,6.0,210.71237,23.998981,19,gps,0.6,1.1,1.5,47.3,,
2016-12-05T13:02:39Z,50.352589,3.479513,99.75510154788302,6.0,206.0386,24.111542,19,gps,0.6,1.4,1.8,47.3,,
2016-12-05T13:02:41Z,50.352196,3.479248,99.6990161738368,4.0,200.58861,23.60051,18,gps,0.4,1.4,1.8,47.3,,
2016-12-05T13:02:43Z,50.351800,3.479050,99.56347431605164,6.0,194.8236,22.789467,18,gps,0.6,1.3,1.6,47.3,,
2016-12-05T13:02:45Z,50.351405,3.478924,99.3519258526846,6.0,188.44618,22.001066,18,gps,0.6,1.4,1.8,47.3,,
2016-12-05T13:02:47Z,50.351008,3.478870,99.26648328636756,4.0,183.88893,21.917482,19,gps,0.9,1.3,1.6,47.3,,
2016-12-05T13:02:49Z,50.350615,3.478854,99.20909808748364,4.0,178.07039,22.058163,19,gps,0.4,1.3,1.6,47.3,,
2016-12-05T13:02:51Z,50.350219,3.478929,99.07431444477055,4.0,173.12712,22.440897,19,gps,0.4,1.3,1.6,47.3,,
2016-12-05T13:02:53Z,50.349821,3.479042,98.79913493847121,4.0,170.9354,22.450602,19,gps,0.4,1.3,1.6,47.3,,
2016-12-05T13:02:55Z,50.349433,3.479225,98.69996363003364,4.0,164.75859,22.731726,20,gps,1.0,1.2,1.6,47.3,,
2016-12-05T13:02:57Z,50.349046,3.479415,98.83516715064836,4.0,161.07457,22.428751,20,gps,0.8,1.3,1.6,47.3,,
2016-12-05T13:02:59Z,50.348660,3.479623,98.934771546153,4.0,158.11449,22.682917,18,gps,0.9,1.2,1.5,47.3,,
2016-12-05T13:03:01Z,50.348279,3.479858,98.92718700001542,4.0,156.26079,22.855082,17,gps,0.4,1.2,1.4,47.3,,
2016-12-05T13:03:03Z,50.347908,3.480142,98.9259957957747,4.0,154.88266,22.853676,18,gps,0.4,1.2,1.4,47.3,,
2016-12-05T13:03:05Z,50.347534,3.480416,98.71782409607465,4.0,152.94499,22.860443,16,gps,0.9,1.4,1.7,47.3,,
2016-12-05T13:03:07Z,50.347166,3.480713,98.3341704712757,4.0,153.0889,22.868706,16,gps,0.4,1.3,1.6,47.3,,
2016-12-05T13:03:09Z,50.346797,3.481021,97.90472866931637,4.0,153.18405,23.250551,16,gps,0.4,1.2,1.5,47.3,,
2016-12-05T13:03:11Z,50.346435,3.481324,97.61950307004561,6.0,152.7667,22.875942,18,gps,0.6,1.3,1.6,47.3,,
2016-12-05T13:03:13Z,50.346071,3.481615,97.53728810774952,6.0,153.91585,22.819103,18,gps,1.0,1.6,1.9,47.3,,
2016-12-05T13:03:15Z,50.345705,3.481903,97.53186960310244,4.0,153.68385,22.64525,17,gps,0.4,1.4,1.6,47.3,,
2016-12-05T13:03:17Z,50.345338,3.482185,97.66679261832084,4.0,153.31082,22.277826,17,gps,0.4,1.4,1.7,47.3,,
2016-12-05T13:03:19Z,50.344981,3.482491,97.75960918235862,4.0,153.27917,22.047104,18,gps,0.9,1.4,1.7,47.3,,
2016-12-05T13:03:21Z,50.344624,3.482777,97.70794090173128,4.0,153.31012,22.153767,19,gps,0.9,1.1,1.4,47.3,,
2016-12-05T13:03:23Z,50.344265,3.483059,97.44779704499038,4.0,153.12949,22.455368,19,gps,0.9,1.1,1.5,47.3,,
2016-12-05T13:03:25Z,50.343898,3.483343,97.15681150035726,4.0,152.9067,22.811113,19,gps,0.4,1.1,1.4,47.3,,
2016-12-05T13:03:27Z,50.343533,3.483632,96.72676118944496,4.0,152.91162,22.727663,19,gps,0.8,1.1,1.3,47.3,,
2016-12-05T13:03:29Z,50.343171,3.483927,96.01719295597016,4.0,151.77695,22.589973,19,gps,0.4,1.1,1.4,47.3,,
2016-12-05T13:03:31Z,50.342821,3.484243,95.30005149520231,4.0,149.8934,22.601643,19,gps,0.8,1.1,1.4,47.3,,
2016-12-05T13:03:33Z,50.342484,3.484567,94.57399645959913,4.0,147.9995,21.817959,18,gps,0.4,1.1,1.4,47.3,,
2016-12-05T13:03:35Z,50.342167,3.484891,94.10190963181319,4.0,145.86197,20.85007,18,gps,0.4,1.2,1.5,47.3,,
2016-12-05T13:03:37Z,50.341862,3.485211,93.67926429032195,4.0,141.68372,20.267038,18,gps,0.8,1.2,1.4,47.3,,
2016-12-05T13:03:39Z,50.341583,3.485574,93.25282390427377,4.0,138.21324,20.320074,17,gps,0.4,1.2,1.5,47.3,,
2016-12-05T13:03:41Z,50.341320,3.485972,92.72454682776058,4.0,132.25282,20.367594,17,gps,0.4,1.2,1.4,47.3,,
2016-12-05T13:03:43Z,50.341089,3.486422,92.118859837099,4.0,126.42427,20.642693,18,gps,0.7,1.2,1.4,47.3,,
2016-12-05T13:03:45Z,50.340874,3.486896,91.13668289482099,4.0,120.73746,20.686327,19,gps,0.4,1.1,1.4,47.3,,
2016-12-05T13:03:47Z,50.340692,3.487408,90.26757788857282,4.0,115.76524,20.774746,19,gps,0.4,1.2,1.4,47.3,,
2016-12-05T13:03:49Z,50.340536,3.487938,89.38396055040748,4.0,110.00767,20.639767,19,gps,0.4,1.1,1.4,47.3,,
2016-12-05T13:03:51Z,50.340424,3.488492,88.82858891013863,6.0,103.21589,20.441303,19,gps,0.6,1.2,1.4,47.3,,
2016-12-05T13:03:53Z,50.340367,3.489064,88.17842609914005,6.0,99.494736,20.561613,19,gps,0.6,1.2,1.5,47.3,,
2016-12-05T13:03:55Z,50.340328,3.489648,87.54873225118001,4.0,95.48836,20.951172,19,gps,0.4,1.2,1.5,47.3,,
2016-12-05T13:03:57Z,50.340296,3.490233,87.14321722294125,4.0,94.49884,20.875467,19,gps,0.8,1.2,1.5,47.3,,
2016-12-05T13:03:59Z,50.340278,3.490820,86.85549655239568,4.0,94.99007,20.998468,19,gps,0.4,1.2,1.4,47.3,,
2016-12-05T13:04:01Z,50.340245,3.491411,86.39993043537959,4.0,95.68649,20.963072,18,gps,0.4,1.1,1.3,47.3,,
2016-12-05T13:04:03Z,50.340195,3.491995,85.91416107993706,4.0,97.41474,20.763887,18,gps,0.7,1.4,1.5,47.3,,
2016-12-05T13:04:05Z,50.340129,3.492570,85.84510021357792,4.0,101.377426,20.625706,19,gps,0.4,1.2,1.4,47.3,,
2016-12-05T13:04:07Z,50.340040,3.493146,85.62475766540702,4.0,103.31432,21.21433,19,gps,0.8,1.0,1.3,47.3,,
2016-12-05T13:04:09Z,50.339943,3.493724,85.13068043909409,4.0,104.71869,21.032278,19,gps,0.4,1.1,1.3,47.3,,
2016-12-05T13:04:11Z,50.339851,3.494300,84.63848543707834,4.0,104.78625,21.35713,19,gps,0.4,1.1,1.3,47.3,,
2016-12-05T13:04:13Z,50.339758,3.494880,84.31003740276986,4.0,104.61042,21.4645,18,gps,0.4,1.1,1.3,47.3,,
2016-12-05T13:04:15Z,50.339662,3.495460,84.00341502586372,4.0,104.948906,21.343042,19,gps,0.7,1.1,1.3,47.3,,
2016-12-05T13:04:17Z,50.339566,3.496037,83.80240227330664,4.0,104.95523,21.133644,19,gps,0.4,1.1,1.3,47.3,,
2016-12-05T13:04:19Z,50.339472,3.496610,83.61512494544262,4.0,104.72905,20.997047,20,gps,0.4,1.1,1.3,47.3,,
2016-12-05T13:04:21Z,50.339385,3.497181,83.42980697375395,4.0,104.69052,20.835768,20,gps,0.8,1.2,1.4,47.3,,
2016-12-05T13:04:23Z,50.339290,3.497747,83.23549283511109,4.0,104.65841,20.660982,19,gps,0.7,1.1,1.3,47.3,,
2016-12-05T13:04:25Z,50.339200,3.498309,83.10756484349109,4.0,104.49811,20.59493,20,gps,0.7,1.1,1.3,47.3,,
2016-12-05T13:04:27Z,50.339106,3.498869,83.11370688694811,4.0,104.94268,20.615276,20,gps,0.4,1.1,1.3,47.3,,
2016-12-05T13:04:29Z,50.339016,3.499439,83.04501574806312,4.0,104.875725,21.179731,20,gps,0.4,1.2,1.4,47.3,,
2016-12-05T13:04:31Z,50.338916,3.500018,83.07026615759317,4.0,104.676605,21.315672,20,gps,0.4,1.2,1.4,47.3,,
2016-12-05T13:04:33Z,50.338821,3.500590,83.0823876103787,4.0,104.63066,20.751547,20,gps,0.4,1.2,1.4,47.3,,
2016-12-05T13:04:35Z,50.338726,3.501146,83.10371147568662,4.0,104.716934,20.307579,20,gps,0.4,1.2,1.4,47.3,,
2016-12-05T13:04:37Z,50.338663,3.501710,83.21437467155957,4.0,105.15608,20.33454,20,gps,0.4,1.2,1.4,47.3,,
2016-12-05T13:04:39Z,50.338580,3.502270,83.36385136712889,4.0,104.90659,20.527113,20,gps,0.4,1.2,1.5,47.3,,
2016-12-05T13:04:41Z,50.338491,3.502841,83.49668416812531,4.0,104.8556,21.03814,20,gps,0.8,1.0,1.3,47.3,,
2016-12-05T13:04:43Z,50.338396,3.503423,83.62815013665667,4.0,104.60941,21.64998,20,gps,0.4,1.2,1.5,47.3,,
2016-12-05T13:04:45Z,50.338299,3.504017,83.78813735791535,4.0,104.58827,21.839813,19,gps,0.8,1.2,1.5,47.3,,
2016-12-05T13:04:47Z,50.338203,3.504613,83.99432138389761,4.0,104.25136,21.749,19,gps,0.4,1.1,1.3,47.3,,
2016-12-05T13:04:49Z,50.338107,3.505204,84.2021412041652,4.0,104.877304,21.471426,20,gps,0.4,1.2,1.5,47.3,,
2016-12-05T13:04:51Z,50.338007,3.505785,84.39210725668572,4.0,105.332565,21.338045,20,gps,0.4,1.1,1.4,47.3,,
2016-12-05T13:04:53Z,50.337902,3.506358,84.6194085157686,4.0,107.05513,20.771961,20,gps,0.4,1.1,1.3,47.3,,
2016-12-05T13:04:55Z,50.337795,3.506918,84.74900918761966,4.0,107.06602,20.466099,20,gps,0.4,1.1,1.4,47.3,,
2016-12-05T13:04:57Z,50.337689,3.507470,84.7502386289997,4.0,107.47256,20.131842,19,gps,0.4,1.3,1.6,47.3,,
2016-12-05T13:04:59Z,50.337579,3.508012,84.79310278071631,4.0,107.40108,20.111858,19,gps,0.7,1.1,1.3,47.3,,
2016-12-05T13:05:01Z,50.337463,3.508551,84.85568818175872,4.0,111.74197,20.127022,19,gps,0.4,1.2,1.5,47.3,,
2016-12-05T13:05:03Z,50.337312,3.509066,84.99846693535282,4.0,118.391914,19.845745,19,gps,0.4,1.0,1.3,47.3,,
2016-12-05T13:05:05Z,50.337114,3.509534,85.37000307944054,4.0,126.15813,19.99761,18,gps,0.4,1.1,1.4,47.3,,
2016-12-05T13:05:07Z,50.336875,3.509955,85.78099157298787,6.0,134.1134,20.072254,18,gps,0.9,1.3,1.5,47.3,,
2016-12-05T13:05:09Z,50.336600,3.510330,86.50119202928767,6.0,138.40688,20.369812,18,gps,0.8,1.3,1.5,47.3,,
2016-12-05T13:05:11Z,50.336320,3.510703,87.42054734785162,4.0,137.62859,20.39001,18,gps,0.4,1.2,1.5,47.3,,
2016-12-05T13:05:13Z,50.336044,3.511090,88.40834470921936,4.0,133.99538,20.382992,19,gps,0.4,1.1,1.4,47.3,,
2016-12-05T13:05:15Z,50.335786,3.511505,89.40061766182524,4.0,130.00331,20.29338,19,gps,0.4,1.1,1.3,47.3,,
2016-12-05T13:05:17Z,50.335555,3.511952,90.27942020690345,4.0,126.89393,19.422474,20,gps,0.4,1.2,1.4,47.3,,
2016-12-05T13:05:19Z,50.335342,3.512378,90.80565382109197,4.0,128.91919,18.368845,19,gps,0.4,1.2,1.4,47.3,,
2016-12-05T13:05:21Z,50.335145,3.512774,91.42167762167969,4.0,140.8072,17.368195,20,gps,0.4,1.2,1.4,47.3,,
2016-12-05T13:05:23Z,50.334889,3.512993,92.1773904019059,6.0,165.5977,16.088911,19,gps,0.6,1.3,1.5,47.3,,
2016-12-05T13:05:25Z,50.334606,3.513022,92.81177660993673,6.0,173.72229,16.279945,18,gps,0.6,1.1,1.4,47.3,,
2016-12-05T13:05:27Z,50.334309,3.513030,93.47133950681787,4.0,174.01816,16.416079,19,gps,0.4,1.2,1.5,47.3,,
2016-12-05T13:05:29Z,50.334033,3.513050,93.83903668346677,6.0,174.30124,14.354644,19,gps,0.6,1.2,1.5,47.3,,
2016-12-05T13:05:31Z,50.333803,3.513056,94.16664631674612,4.0,175.5428,11.149209,18,gps,0.9,1.2,1.5,47.3,,
2016-12-05T13:05:33Z,50.333630,3.513065,94.43347561514858,4.0,175.64798,8.094811,18,gps,0.4,1.3,1.6,47.3,,
2016-12-05T13:05:35Z,50.333500,3.513052,94.65624179297322,4.0,205.10608,7.134702,18,gps,0.9,1.3,1.6,47.3,,
2016-12-05T13:05:37Z,50.333390,3.512977,94.87714388505924,4.0,177.17044,6.877764,18,gps,0.4,1.2,1.5,47.3,,
2016-12-05T13:05:39Z,50.333274,3.513058,95.1180533166238,4.0,153.01334,6.721677,18,gps,0.9,1.0,1.3,47.3,,
2016-12-05T13:05:41Z,50.333181,3.513134,95.24480689387862,4.0,174.66255,5.336297,18,gps,0.8,1.1,1.4,47.3,,
2016-12-05T13:05:43Z,50.333100,3.513130,95.3391801601089,4.0,182.37383,4.1365366,18,gps,0.4,1.1,1.5,47.3,,
2016-12-05T13:05:45Z,50.333009,3.513118,95.60846193361957,4.0,192.86908,5.3482075,18,gps,0.9,1.1,1.5,47.3,,
2016-12-05T13:05:47Z,50.332888,3.513098,95.94862681095212,4.0,181.95918,7.0701575,18,gps,0.4,1.2,1.4,47.3,,
2016-12-05T13:05:49Z,50.332767,3.513083,96.37994570535479,4.0,172.86746,5.759096,18,gps,0.4,1.2,1.5,47.3,,
2016-12-05T13:05:51Z,50.332670,3.513092,96.63228186833845,4.0,172.56369,5.646238,18,gps,0.4,1.0,1.3,47.3,,
2016-12-05T13:05:53Z,50.332577,3.513119,96.86011468070083,6.0,173.40086,4.4956875,18,gps,1.0,1.1,1.4,47.3,,
2016-12-05T13:05:55Z,50.332499,3.513150,96.88526173185396,4.0,174.74045,4.064169,18,gps,0.4,1.3,1.8,47.3,,
2016-12-05T13:05:57Z,50.332422,3.513150,97.10844911317426,6.0,176.04884,4.5635314,18,gps,0.8,1.2,1.5,47.3,,
2016-12-05T13:05:59Z,50.332338,3.513153,97.23255094749602,6.0,178.08415,5.1319556,18,gps,0.6,1.1,1.5,47.3,,
2016-12-05T13:06:01Z,50.332245,3.513160,97.46999506882808,4.0,175.63574,4.9772296,18,gps,0.9,1.2,1.5,47.3,,
2016-12-05T13:06:03Z,50.332165,3.513180,97.6066570750491,4.0,175.08685,3.6650517,18,gps,0.8,1.1,1.4,47.3,,
2016-12-05T13:06:05Z,50.332097,3.513197,97.62972362046457,4.0,173.37785,3.4734163,17,gps,1.0,1.3,1.7,47.3,,
2016-12-05T13:06:07Z,50.332034,3.513206,97.65951413516215,4.0,173.55916,3.2079945,17,gps,0.4,1.3,1.7,47.3,,
2016-12-05T13:06:09Z,50.331980,3.513214,97.69384074022753,4.0,172.55753,2.902747,17,gps,0.4,1.3,1.7,47.3,,
2016-12-05T13:06:11Z,50.331930,3.513224,97.72898747958295,4.0,171.4185,2.6597333,19,gps,1.0,1.3,1.7,47.3,,
2016-12-05T13:06:13Z,50.331930,3.513224,97.7747165442543,6.0,171.4185,0.0,19,gps,1.0,1.3,1.7,47.3,,
2016-12-05T13:06:15Z,50.331871,3.513227,97.82787177527784,6.0,171.4185,0.0,19,gps,1.0,1.1,1.5,47.3,,
2016-12-05T13:06:17Z,50.331871,3.513227,97.89756376030384,4.0,171.4185,0.0,19,gps,0.4,1.1,1.5,47.3,,
2016-12-05T13:06:19Z,50.331811,3.513230,97.99661487100137,4.0,165.04639,2.8794398,18,gps,0.8,1.1,1.4,47.3,,
2016-12-05T13:06:21Z,50.331762,3.513237,98.11317574958717,4.0,176.96135,2.980779,18,gps,0.4,1.1,1.4,47.3,,
2016-12-05T13:06:23Z,50.331706,3.513244,98.26308644271433,4.0,173.57837,3.1382687,18,gps,0.8,1.1,1.4,47.3,,
2016-12-05T13:06:25Z,50.331638,3.513263,98.4441939678419,4.0,171.59985,3.8780355,18,gps,0.8,1.1,1.4,47.3,,
2016-12-05T13:06:27Z,50.331553,3.513271,100.17716701416569,4.0,172.2955,4.992037,18,gps,0.9,1.1,1.4,47.3,,
2016-12-05T13:06:29Z,50.331435,3.513289,101.06827985011776,4.0,174.81227,6.8784165,18,gps,0.4,1.1,1.4,47.3,,
2016-12-05T13:06:31Z,50.331295,3.513325,101.8088962987148,4.0,168.4048,7.7303677,18,gps,0.9,1.3,1.6,47.3,,
2016-12-05T13:06:33Z,50.331154,3.513391,102.53008245161122,4.0,165.02583,8.172023,18,gps,0.9,1.4,1.6,47.3,,
2016-12-05T13:06:35Z,50.331008,3.513466,103.05519452335103,4.0,164.2702,8.68907,18,gps,0.4,1.4,1.7,47.3,,
2016-12-05T13:06:37Z,50.330844,3.513531,103.47797604194002,4.0,160.29692,9.526009,18,gps,0.9,1.4,1.6,47.3,,
2016-12-05T13:06:39Z,50.330669,3.513625,103.80506753025945,4.0,159.70935,10.269309,18,gps,0.9,1.1,1.5,47.3,,
2016-12-05T13:06:41Z,50.330478,3.513729,104.11382009904304,4.0,163.9487,10.804267,18,gps,0.4,1.2,1.5,47.3,,
2016-12-05T13:06:43Z,50.330288,3.513808,104.46688139746547,4.0,166.6971,10.251827,18,gps,0.9,1.4,1.7,47.3,,
2016-12-05T13:06:45Z,50.330100,3.513872,104.85698378752237,4.0,166.4865,9.816449,17,gps,0.4,1.2,1.4,47.3,,
2016-12-05T13:06:47Z,50.329932,3.513930,105.20214404809326,4.0,166.77132,8.659571,18,gps,0.9,1.2,1.5,47.3,,
2016-12-05T13:06:49Z,50.329776,3.513983,105.5177601713836,4.0,168.44308,8.781814,18,gps,0.9,1.2,1.5,47.3,,
2016-12-05T13:06:51Z,50.329618,3.514018,105.68399035835921,4.0,188.56854,8.181574,18,gps,0.9,1.2,1.5,47.3,,
2016-12-05T13:06:53Z,50.329478,3.513923,105.79481097826803,4.0,202.21097,8.65536,18,gps,0.4,1.3,1.5,47.3,,
2016-12-05T13:06:55Z,50.329337,3.513842,106.04149954097069,4.0,172.05663,8.417017,18,gps,0.4,1.2,1.4,47.3,,
2016-12-05T13:06:57Z,50.329206,3.513905,106.15004856232908,4.0,141.2954,7.861963,18,gps,0.8,1.1,1.3,47.3,,
2016-12-05T13:06:59Z,50.329112,3.514082,106.2598126504297,4.0,115.34367,7.936091,18,gps,0.8,1.1,1.4,47.3,,
2016-12-05T13:07:01Z,50.329055,3.514275,106.39937581791722,4.0,143.17201,6.457673,17,gps,0.4,1.2,1.4,47.3,,
2016-12-05T13:07:03Z,50.328931,3.514358,106.56405937275898,4.0,166.92007,8.417264,18,gps,0.9,1.3,1.6,47.3,,
2016-12-05T13:07:05Z,50.328754,3.514435,107.19923183701384,6.0,165.55539,10.330315,18,gps,0.7,1.3,1.5,47.3,,
2016-12-05T13:07:07Z,50.328574,3.514525,107.71630290600947,6.0,164.71474,9.516119,17,gps,0.6,1.6,2.0,47.3,,
2016-12-05T13:07:09Z,50.328429,3.514596,107.98329884880943,6.0,163.64326,6.7342725,17,gps,1.2,1.3,1.8,47.3,,
2016-12-05T13:07:11Z,50.328343,3.514593,108.01141705987826,6.0,166.57295,3.7682743,16,gps,1.3,1.3,1.8,47.3,,
2016-12-05T13:07:13Z,50.328266,3.514621,108.34908889588108,6.0,125.664406,5.983379,17,gps,1.1,1.4,1.8,47.3,,
2016-12-05T13:07:15Z,50.328220,3.514823,108.09238564616496,6.0,83.979,7.833436,18,gps,0.6,1.2,1.6,47.3,,
2016-12-05T13:07:17Z,50.328242,3.515072,107.70003525528641,4.0,79.24568,10.048859,17,gps,0.4,1.3,1.5,47.3,,
2016-12-05T13:07:19Z,50.328285,3.515374,106.98873234859502,4.0,82.68068,10.879182,17,gps,0.8,1.1,1.4,47.3,,
2016-12-05T13:07:21Z,50.328313,3.515675,106.37197046742111,6.0,98.56832,10.193844,17,gps,0.6,1.1,1.3,47.3,,
2016-12-05T13:07:23Z,50.328263,3.515938,106.23157053472883,4.0,127.161064,10.416258,17,gps,0.8,1.1,1.4,47.3,,
2016-12-05T13:07:25Z,50.328139,3.516147,106.60254818673636,4.0,139.36407,10.375064,17,gps,0.8,1.2,1.4,47.3,,
2016-12-05T13:07:27Z,50.327994,3.516317,106.78085447894127,6.0,138.81673,9.584629,18,gps,0.9,1.3,1.6,47.3,,
2016-12-05T13:07:29Z,50.327863,3.516470,107.34231334124456,4.0,145.26715,9.371319,18,gps,0.4,1.4,1.8,47.3,,
2016-12-05T13:07:31Z,50.327720,3.516622,108.49757887276601,4.0,140.60825,9.78623,18,gps,0.4,1.3,1.6,47.3,,
2016-12-05T13:07:33Z,50.327578,3.516825,109.10012285021975,4.0,121.02209,10.255131,18,gps,0.9,1.2,1.5,47.3,,
2016-12-05T13:07:35Z,50.327459,3.517054,109.82844313858573,4.0,149.408,10.326059,18,gps,0.8,1.2,1.5,47.3,,
2016-12-05T13:07:37Z,50.327283,3.517186,110.45115693023301,4.0,158.37715,10.707681,18,gps,0.8,1.1,1.4,47.3,,
2016-12-05T13:07:39Z,50.327120,3.517290,110.64611700095989,4.0,160.37445,9.513169,18,gps,0.4,1.3,1.6,47.3,,
2016-12-05T13:07:41Z,50.326970,3.517371,110.63961402115714,4.0,163.74219,8.977314,18,gps,0.4,1.2,1.4,47.3,,
2016-12-05T13:07:43Z,50.326794,3.517402,110.72685301560465,4.0,176.0982,9.834022,18,gps,1.0,1.3,1.7,47.3,,
2016-12-05T13:07:45Z,50.326615,3.517400,110.75228586388005,4.0,181.08922,9.722597,18,gps,0.9,1.3,1.6,47.3,,
2016-12-05T13:07:47Z,50.326467,3.517378,110.75936840042291,4.0,206.38538,8.422504,18,gps,0.9,1.4,1.6,47.3,,
2016-12-05T13:07:49Z,50.326347,3.517268,110.57209742891729,4.0,217.35791,7.622384,18,gps,0.9,1.3,1.6,47.3,,
2016-12-05T13:07:51Z,50.326251,3.517169,110.29493340480983,4.0,175.13356,7.030934,18,gps,0.4,1.2,1.6,47.3,,
2016-12-05T13:07:53Z,50.326122,3.517229,110.13314328807344,4.0,159.99648,7.5905824,18,gps,1.0,1.1,1.5,47.3,,
2016-12-05T13:07:55Z,50.325983,3.517267,110.08845468086587,4.0,192.3467,7.9655967,18,gps,0.4,1.2,1.5,47.3,,
2016-12-05T13:07:57Z,50.325821,3.517192,110.10530200841144,6.0,197.25085,9.549539,17,gps,0.9,1.2,1.5,47.3,,
2016-12-05T13:07:59Z,50.325645,3.517092,110.05775592961643,6.0,197.84647,10.141319,17,gps,0.6,1.4,1.8,47.3,,
2016-12-05T13:08:01Z,50.325491,3.516982,110.01723641164571,6.0,202.9264,9.399113,17,gps,0.6,1.4,1.8,47.3,,
2016-12-05T13:08:03Z,50.325370,3.516868,109.91047705420405,4.0,231.42361,8.035571,17,gps,0.4,1.4,1.7,47.3,,
2016-12-05T13:08:05Z,50.325308,3.516700,109.68480282608212,4.0,280.67297,6.898542,17,gps,0.9,1.1,1.4,47.3,,
2016-12-05T13:08:07Z,50.325330,3.516522,109.41309093117113,4.0,273.28568,6.7226753,17,gps,0.8,1.1,1.4,47.3,,
2016-12-05T13:08:09Z,50.325323,3.516326,109.45826231763486,4.0,269.38644,6.5269327,17,gps,0.8,1.1,1.4,47.3,,
2016-12-05T13:08:11Z,50.325332,3.516159,109.62465619890173,4.0,297.00858,5.1060896,17,gps,0.8,1.2,1.4,47.3,,
2016-12-05T13:08:13Z,50.325375,3.516083,109.6489788041372,4.0,345.99768,3.8154964,17,gps,0.9,1.1,1.5,47.3,,
2016-12-05T13:08:15Z,50.325436,3.516085,109.67439427341675,4.0,22.702272,3.1965292,18,gps,1.1,1.2,1.6,47.3,,
2016-12-05T13:08:17Z,50.325469,3.516135,109.6983090282357,4.0,74.20626,2.4531903,18,gps,1.1,1.2,1.6,47.3,,
2016-12-05T13:08:19Z,50.325469,3.516223,109.71614939991855,4.0,64.74393,3.019385,18,gps,0.4,1.1,1.5,47.3,,
2016-12-05T13:08:21Z,50.325513,3.516314,109.8067395607057,4.0,2.5140128,3.9016085,18,gps,0.8,1.4,1.6,47.3,,
2016-12-05T13:08:23Z,50.325573,3.516312,109.82461903305175,4.0,321.99344,3.3356357,18,gps,0.4,1.3,1.6,47.3,,
2016-12-05T13:08:25Z,50.325600,3.516272,109.86590502229929,4.0,283.31995,2.7288656,18,gps,0.8,1.2,1.4,47.3,,
2016-12-05T13:08:27Z,50.325605,3.516199,109.92859660902432,4.0,272.97983,2.2241123,18,gps,0.8,1.2,1.4,47.3,,
2016-12-05T13:08:29Z,50.325601,3.516156,110.00942192122616,4.0,218.46098,1.719521,18,gps,0.4,1.2,1.5,47.3,,
2016-12-05T13:08:31Z,50.325592,3.516143,110.05505425173726,4.0,195.34402,0.0,18,gps,0.9,1.1,1.5,47.3,,
2016-12-05T13:08:33Z,50.325592,3.516143,110.06274514207954,4.0,195.34402,0.0,18,gps,0.8,1.1,1.4,47.3,,
2016-12-05T13:30:32Z,50.325717,3.514979,,28.0,,,0,network,,,,,,
2016-12-05T13:31:14Z,50.325717,3.514978,,28.0,,,0,network,,,,,,
2016-12-05T13:38:02Z,50.325690,3.514653,126.07884373019772,32.0,88.55728,0.4875482,6,gps,2.1,1.7,2.7,47.3,,
2016-12-05T13:38:04Z,50.325749,3.514670,123.96061304284805,12.0,,0.0,6,gps,1.3,1.7,2.1,47.3,,
2016-12-05T13:38:05Z,50.325758,3.514688,124.97645428325808,8.0,,0.0,11,gps,1.1,1.4,1.8,47.3,,
2016-12-05T13:38:07Z,50.325780,3.514714,126.16937030811961,8.0,,0.0,11,gps,0.8,1.5,1.7,47.3,,
2016-12-05T13:38:09Z,50.325792,3.514728,127.06294713174243,8.0,,0.0,11,gps,0.8,1.1,1.4,47.3,,
2016-12-05T13:38:13Z,50.325810,3.514766,127.9306583705567,8.0,,0.0,12,gps,1.1,1.5,1.8,47.3,,
2016-12-05T13:38:15Z,50.325816,3.514767,128.31262018897627,8.0,,0.0,14,gps,1.0,1.3,1.7,47.3,,
2016-12-05T13:38:17Z,50.325815,3.514770,128.42532448177698,8.0,,0.0,14,gps,1.2,1.6,2.0,47.3,,
2016-12-05T13:38:19Z,50.325806,3.514781,128.82234186883286,8.0,,0.0,13,gps,1.3,1.6,2.1,47.3,,
2016-12-05T13:38:21Z,50.325792,3.514781,128.7295468993873,6.0,,0.0,13,gps,0.9,1.1,1.4,47.3,,
2016-12-05T13:38:24Z,50.325785,3.514796,128.51782333982175,6.0,,0.0,13,gps,1.0,1.2,1.6,47.3,,
2016-12-05T13:38:26Z,50.325785,3.514796,128.17000773768592,6.0,,0.0,14,gps,0.9,1.5,1.7,47.3,,
2016-12-05T13:38:28Z,50.325785,3.514796,128.14129456229728,6.0,,0.0,13,gps,1.1,1.1,1.6,47.3,,
